{
  "app": "com.android.chrome",
  "duration": "327ms",
  "headers": {
    "Host": "login.microsoftonline.com",
    "sec-ch-ua": "\"Not(A:Brand\";v\u003d\"8\", \"Chromium\";v\u003d\"144\", \"Google Chrome\";v\u003d\"144\"",
    "sec-ch-ua-mobile": "?1",
    "sec-ch-ua-platform": "\"Android\"",
    "upgrade-insecure-requests": "1",
    "user-agent": "Mozilla/5.0 (Linux; Android 10; K) AppleWebKit/537.36 (KHTML, like Gecko) Chrome/144.0.0.0 Mobile Safari/537.36",
    "accept": "text/html,application/xhtml+xml,application/xml;q\u003d0.9,image/avif,image/webp,image/apng,*/*;q\u003d0.8,application/signed-exchange;v\u003db3;q\u003d0.7",
    "sec-fetch-site": "cross-site",
    "sec-fetch-mode": "navigate",
    "sec-fetch-dest": "document",
    "referer": "https://cms.kolping-hochschule.de/",
    "accept-encoding": "gzip, deflate, br, zstd",
    "accept-language": "de-DE,de;q\u003d0.9,en-US;q\u003d0.8,en;q\u003d0.7,nl;q\u003d0.6",
    "cookie": "stsservicecookie\u003destsfd",
    "priority": "u\u003d0, i"
  },
  "method": "GET",
  "protocol": "h2",
  "remoteIp": "40.126.31.71",
  "remotePort": 443,
  "sessionId": "b8d05faa-4bc4-4fff-aae8-81097b025a63",
  "time": "2026-01-19 11:07:33",
  "url": "https://login.microsoftonline.com/a601f43b-4ce8-4552-b513-a55bf18e308a/oauth2/v2.0/authorize?client_id\u003db6bd545b-fabc-45c6-92b5-fe27951a4bdd\u0026scope\u003dopenid%20profile%20offline_access\u0026redirect_uri\u003dhttps%3A%2F%2Fcms.kolping-hochschule.de%2FmyStudent\u0026client-request-id\u003d2312a115-f4c6-4c82-a6d7-141764761308\u0026response_mode\u003dfragment\u0026response_type\u003dcode\u0026x-client-SKU\u003dmsal.js.browser\u0026x-client-VER\u003d2.14.2\u0026x-client-OS\u003d\u0026x-client-CPU\u003d\u0026client_info\u003d1\u0026code_challenge\u003dQpeS4-oCm0CETeTCKLimoHT0A0-wqgnP7FLYgNJnJMw\u0026code_challenge_method\u003dS256\u0026nonce\u003d66921c83-23df-487b-a679-3d04ba8c2173\u0026state\u003deyJpZCI6ImQ3NjI1NzhmLTY3NDItNDI4NS1iNDE3LTFjNDg0ZTYzNWE4MiIsIm1ldGEiOnsiaW50ZXJhY3Rpb25UeXBlIjoicmVkaXJlY3QifX0%3D"
}