{
  "app": "com.android.chrome",
  "duration": "1264ms",
  "headers": {
    "Host": "cms.kolping-hochschule.de",
    "Connection": "keep-alive",
    "Cache-Control": "max-age\u003d0",
    "Accept": "*/*",
    "Service-Worker": "script",
    "Sec-Fetch-Site": "same-origin",
    "Sec-Fetch-Mode": "same-origin",
    "Sec-Fetch-Dest": "serviceworker",
    "Referer": "https://cms.kolping-hochschule.de/myStudent",
    "User-Agent": "Mozilla/5.0 (Linux; Android 10; K) AppleWebKit/537.36 (KHTML, like Gecko) Chrome/144.0.0.0 Mobile Safari/537.36",
    "Accept-Encoding": "gzip, deflate, br, zstd",
    "Accept-Language": "de-DE,de;q\u003d0.9,en-US;q\u003d0.8,en;q\u003d0.7,nl;q\u003d0.6"
  },
  "method": "GET",
  "protocol": "HTTP/1.1",
  "remoteIp": "51.116.154.224",
  "remotePort": 443,
  "sessionId": "1debbc25-1308-4a64-9c8d-38036269e0e9",
  "time": "2026-01-19 11:07:31",
  "url": "https://cms.kolping-hochschule.de/service-worker.js"
}