{
  "app": "com.android.chrome",
  "duration": "66ms",
  "headers": {
    "Host": "app-kolping-prod-gateway.azurewebsites.net",
    "Connection": "keep-alive",
    "Accept": "*/*",
    "Access-Control-Request-Method": "POST",
    "Access-Control-Request-Headers": "authorization,content-type",
    "Origin": "https://cms.kolping-hochschule.de",
    "User-Agent": "Mozilla/5.0 (Linux; Android 10; K) AppleWebKit/537.36 (KHTML, like Gecko) Chrome/144.0.0.0 Mobile Safari/537.36",
    "Sec-Fetch-Mode": "cors",
    "Sec-Fetch-Site": "cross-site",
    "Sec-Fetch-Dest": "empty",
    "Referer": "https://cms.kolping-hochschule.de/",
    "Accept-Encoding": "gzip, deflate, br, zstd",
    "Accept-Language": "de-DE,de;q\u003d0.9,en-US;q\u003d0.8,en;q\u003d0.7,nl;q\u003d0.6"
  },
  "method": "OPTIONS",
  "protocol": "HTTP/1.1",
  "remoteIp": "51.116.154.224",
  "remotePort": 443,
  "sessionId": "0ccf9f1d-b0a2-43d1-be49-9f6fcca9f83b",
  "time": "2026-01-19 11:07:35",
  "url": "https://app-kolping-prod-gateway.azurewebsites.net/graphql"
}