{
  "app": "com.android.chrome",
  "code": 200,
  "duration": "66ms",
  "headers": {
    "Content-Length": "0",
    "Date": "Mon, 19 Jan 2026 10:07:34 GMT",
    "Access-Control-Allow-Headers": "authorization,content-type",
    "Access-Control-Allow-Origin": "https://cms.kolping-hochschule.de",
    "Set-Cookie": "ARRAffinitySameSite\u003df0077431910fb6dea54963132eadf2a2b43ec72473ce6346f6fc7962f841ea80;Path\u003d/;HttpOnly;SameSite\u003dNone;Secure;Domain\u003dapp-kolping-prod-gateway.azurewebsites.net",
    "x-ms-middleware-request-id": "00000000-0000-0000-0000-000000000000",
    "X-Powered-By": "ASP.NET"
  },
  "message": "OK",
  "protocol": "HTTP/1.1",
  "remoteIp": "51.116.154.224",
  "remotePort": 443,
  "sessionId": "0ccf9f1d-b0a2-43d1-be49-9f6fcca9f83b",
  "time": "2026-01-19 11:07:35"
}