{
  "app": "com.android.chrome",
  "code": 302,
  "duration": "899ms",
  "headers": {
    "Content-Length": "525",
    "Content-Type": "text/html; charset\u003dUTF-8",
    "Date": "Mon, 19 Jan 2026 10:07:32 GMT",
    "Location": "https://login.windows.net/a601f43b-4ce8-4552-b513-a55bf18e308a/oauth2/authorize?response_type\u003dcode+id_token\u0026redirect_uri\u003dhttps%3A%2F%2Fcms.kolping-hochschule.de%2F.auth%2Flogin%2Faad%2Fcallback\u0026client_id\u003d2949ae5e-6f67-4f75-99eb-21d8ee361169\u0026scope\u003dopenid+profile+email\u0026response_mode\u003dform_post\u0026nonce\u003d202d301539174db58e734bed8dfe1ad1_20260119101233\u0026state\u003dredir%3D%252Fmanifest.json",
    "Set-Cookie": "ARRAffinitySameSite\u003df0077431910fb6dea54963132eadf2a2b43ec72473ce6346f6fc7962f841ea80;Path\u003d/;HttpOnly;SameSite\u003dNone;Secure;Domain\u003dcms.kolping-hochschule.de",
    "Strict-Transport-Security": "max-age\u003d31536000; includeSubDomains",
    "x-ms-middleware-request-id": "99823059-bf78-417a-8279-7882442fbef6",
    "X-Powered-By": "ASP.NET"
  },
  "message": "Redirect",
  "protocol": "HTTP/1.1",
  "remoteIp": "51.116.154.224",
  "remotePort": 443,
  "sessionId": "a08130c5-95f6-41c1-ac2a-df5b2bac75e0",
  "time": "2026-01-19 11:07:32"
}