{
  "app": "com.android.chrome",
  "code": 200,
  "duration": "188ms",
  "headers": {
    "Content-Length": "561",
    "Content-Type": "application/json; charset\u003dutf-8",
    "Date": "Mon, 19 Jan 2026 10:07:36 GMT",
    "Server": "Microsoft-IIS/10.0",
    "Access-Control-Allow-Origin": "https://cms.kolping-hochschule.de",
    "Content-Encoding": "gzip",
    "Set-Cookie": "ARRAffinitySameSite\u003df0077431910fb6dea54963132eadf2a2b43ec72473ce6346f6fc7962f841ea80;Path\u003d/;HttpOnly;SameSite\u003dNone;Secure;Domain\u003dapp-kolping-prod-gateway.azurewebsites.net",
    "Vary": "Accept-Encoding",
    "x-ms-middleware-request-id": "00000000-0000-0000-0000-000000000000",
    "X-Powered-By": "ASP.NET"
  },
  "message": "OK",
  "protocol": "HTTP/1.1",
  "remoteIp": "51.116.154.224",
  "remotePort": 443,
  "sessionId": "61f4ec82-535f-4ce9-8f88-507f0a5e4ab9",
  "time": "2026-01-19 11:07:37"
}