{"data":{"myStudentData":{"studentId":10328,"geschlechtTnid":1,"titel":null,"akademischerGradTnid":null,"vorname":"Christoph","nachname":"Fischer","geburtsdatum":"1986-04-24T00:00:00.000Z","geburtsort":"Hameln","geburtslandTnid":1,"staatsangehoerigkeitTnid":1,"createdAt":"2024-09-30T08:26:23.143Z","wohnlandTnid":1,"telefonnummer":"015906025984","emailPrivat":"kindertagespflege.fischer@gmail.com","strasse":"Auf der Grie\u00DFe","hausnummer":"50","plz":"51371","wohnort":"Leverkusen","benutzername":"christoph.fischer","emailKh":"Christoph.fischer@kolping-student.de","notizen":null,"bemerkung":null,"akademischerGrad":null,"geburtsland":"Deutschland","staatsangehoerigkeit":"deutsch","wohnland":"Deutschland","__typename":"MyStudentData"}}}