{
  "app": "com.android.chrome",
  "duration": "70ms",
  "headers": {
    "Host": "cms.kolping-hochschule.de",
    "Connection": "keep-alive",
    "Cache-Control": "max-age\u003d0",
    "Accept": "*/*",
    "Service-Worker": "script",
    "Sec-Fetch-Site": "same-origin",
    "Sec-Fetch-Mode": "same-origin",
    "Sec-Fetch-Dest": "serviceworker",
    "Referer": "https://cms.kolping-hochschule.de/myStudent",
    "User-Agent": "Mozilla/5.0 (Linux; Android 10; K) AppleWebKit/537.36 (KHTML, like Gecko) Chrome/144.0.0.0 Mobile Safari/537.36",
    "Accept-Encoding": "gzip, deflate, br, zstd",
    "Accept-Language": "de-DE,de;q\u003d0.9,en-US;q\u003d0.8,en;q\u003d0.7,nl;q\u003d0.6",
    "Cookie": "Nonce\u003dpC7cT5p6bkDgM2xDypmau9T9GLpDcqNSZpkqf4ZcBCSOH3vWoXYte3grb2J3iyyy9GG90nh+q/DGq/etbYifAmPDaJVJBHMb0bPLlftRoDs7BzMt4gKe+qDYRKh7se06; ARRAffinity\u003df0077431910fb6dea54963132eadf2a2b43ec72473ce6346f6fc7962f841ea80; ARRAffinitySameSite\u003df0077431910fb6dea54963132eadf2a2b43ec72473ce6346f6fc7962f841ea80"
  },
  "method": "GET",
  "protocol": "HTTP/1.1",
  "remoteIp": "51.116.154.224",
  "remotePort": 443,
  "sessionId": "58a083ea-2aea-4292-b62d-32a9cdc54f5e",
  "time": "2026-01-19 11:07:33",
  "url": "https://cms.kolping-hochschule.de/service-worker.js"
}