{
  "app": "com.android.chrome",
  "code": 302,
  "duration": "70ms",
  "headers": {
    "Content-Length": "529",
    "Content-Type": "text/html; charset\u003dUTF-8",
    "Date": "Mon, 19 Jan 2026 10:07:32 GMT",
    "Location": "https://login.windows.net/a601f43b-4ce8-4552-b513-a55bf18e308a/oauth2/authorize?response_type\u003dcode+id_token\u0026redirect_uri\u003dhttps%3A%2F%2Fcms.kolping-hochschule.de%2F.auth%2Flogin%2Faad%2Fcallback\u0026client_id\u003d2949ae5e-6f67-4f75-99eb-21d8ee361169\u0026scope\u003dopenid+profile+email\u0026response_mode\u003dform_post\u0026nonce\u003df4c5f1dff41f48fa9abd04092bc1f788_20260119101233\u0026state\u003dredir%3D%252Fservice-worker.js",
    "Set-Cookie": "Nonce\u003d40S0NlvlvlAuOK9DeTXkwxeOuBj1RUvTfzcK4nHmMStVvAvz74IOVdQevkHVpQQcJhGY2CLt18XQ89TQJqis2uEiCPg5zj/0vaKWHRB62BEfARXbvPTd/OfCLCDlAMVB; path\u003d/; secure; HttpOnly; SameSite\u003dNone",
    "Strict-Transport-Security": "max-age\u003d31536000; includeSubDomains",
    "x-ms-middleware-request-id": "27989794-a41e-4fbf-82bb-7aca466b8600",
    "X-Powered-By": "ASP.NET"
  },
  "message": "Redirect",
  "protocol": "HTTP/1.1",
  "remoteIp": "51.116.154.224",
  "remotePort": 443,
  "sessionId": "58a083ea-2aea-4292-b62d-32a9cdc54f5e",
  "time": "2026-01-19 11:07:33"
}