{
  "app": "com.android.chrome",
  "duration": "624ms",
  "headers": {
    "Host": "login.windows.net",
    "Connection": "keep-alive",
    "sec-ch-ua-platform": "\"Android\"",
    "User-Agent": "Mozilla/5.0 (Linux; Android 10; K) AppleWebKit/537.36 (KHTML, like Gecko) Chrome/144.0.0.0 Mobile Safari/537.36",
    "sec-ch-ua": "\"Not(A:Brand\";v\u003d\"8\", \"Chromium\";v\u003d\"144\", \"Google Chrome\";v\u003d\"144\"",
    "sec-ch-ua-mobile": "?1",
    "Accept": "*/*",
    "Origin": "https://cms.kolping-hochschule.de",
    "Sec-Fetch-Site": "cross-site",
    "Sec-Fetch-Mode": "cors",
    "Sec-Fetch-Dest": "manifest",
    "Referer": "https://cms.kolping-hochschule.de/",
    "Accept-Encoding": "gzip, deflate, br, zstd",
    "Accept-Language": "de-DE,de;q\u003d0.9,en-US;q\u003d0.8,en;q\u003d0.7,nl;q\u003d0.6"
  },
  "method": "GET",
  "protocol": "HTTP/1.1",
  "remoteIp": "20.190.159.75",
  "remotePort": 443,
  "sessionId": "bec0698e-3421-4669-8a5a-d43bd38543c2",
  "time": "2026-01-19 11:07:33",
  "url": "https://login.windows.net/a601f43b-4ce8-4552-b513-a55bf18e308a/oauth2/authorize?response_type\u003dcode+id_token\u0026redirect_uri\u003dhttps%3A%2F%2Fcms.kolping-hochschule.de%2F.auth%2Flogin%2Faad%2Fcallback\u0026client_id\u003d2949ae5e-6f67-4f75-99eb-21d8ee361169\u0026scope\u003dopenid+profile+email\u0026response_mode\u003dform_post\u0026nonce\u003d0a97f5c805b14410ada6b92e40fe9e6a_20260119101233\u0026state\u003dredir%3D%252Fmanifest.json"
}