{
  "app": "com.android.chrome",
  "code": 302,
  "duration": "624ms",
  "headers": {
    "Cache-Control": "private",
    "Content-Type": "text/html; charset\u003dutf-8",
    "Content-Encoding": "gzip",
    "Location": "https://login.microsoftonline.com/a601f43b-4ce8-4552-b513-a55bf18e308a/oauth2/authorize?response_type\u003dcode+id_token\u0026redirect_uri\u003dhttps%3A%2F%2Fcms.kolping-hochschule.de%2F.auth%2Flogin%2Faad%2Fcallback\u0026client_id\u003d2949ae5e-6f67-4f75-99eb-21d8ee361169\u0026scope\u003dopenid+profile+email\u0026response_mode\u003dform_post\u0026nonce\u003d0a97f5c805b14410ada6b92e40fe9e6a_20260119101233\u0026state\u003dredir%3D%252Fmanifest.json",
    "Vary": "Accept-Encoding",
    "Strict-Transport-Security": "max-age\u003d31536000; includeSubDomains",
    "X-Content-Type-Options": "nosniff",
    "x-ms-request-id": "460e7b4e-2d75-4350-9e28-29cc2ae60800",
    "x-ms-ests-server": "2.1.23173.3 - SEC ProdSlices",
    "Referrer-Policy": "strict-origin-when-cross-origin",
    "Content-Security-Policy-Report-Only": "object-src \u0027none\u0027; base-uri \u0027self\u0027; script-src \u0027self\u0027 \u0027nonce-9erXbz8ygMarwDkh9Gkb7A\u0027 \u0027unsafe-inline\u0027 \u0027unsafe-eval\u0027 https://*.msauth.net https://*.msftauth.net https://*.msftauthimages.net https://*.msauthimages.net https://*.msidentity.com https://*.microsoftonline-p.com https://*.microsoftazuread-sso.com https://*.azureedge.net https://*.outlook.com https://*.office.com https://*.office365.com https://*.microsoft.com https://*.bing.com \u0027report-sample\u0027; report-uri https://csp.microsoft.com/report/ESTS-UX-All",
    "X-XSS-Protection": "0",
    "Set-Cookie": "stsservicecookie\u003destsfd; path\u003d/; secure; samesite\u003dnone; httponly",
    "Date": "Mon, 19 Jan 2026 10:07:33 GMT",
    "Content-Length": "392"
  },
  "message": "Found",
  "protocol": "HTTP/1.1",
  "remoteIp": "20.190.159.75",
  "remotePort": 443,
  "sessionId": "bec0698e-3421-4669-8a5a-d43bd38543c2",
  "time": "2026-01-19 11:07:33"
}