{
  "app": "com.android.chrome",
  "duration": "360ms",
  "headers": {
    "Host": "login.microsoftonline.com",
    "content-length": "2014",
    "sec-ch-ua-platform": "\"Android\"",
    "user-agent": "Mozilla/5.0 (Linux; Android 10; K) AppleWebKit/537.36 (KHTML, like Gecko) Chrome/144.0.0.0 Mobile Safari/537.36",
    "sec-ch-ua": "\"Not(A:Brand\";v\u003d\"8\", \"Chromium\";v\u003d\"144\", \"Google Chrome\";v\u003d\"144\"",
    "content-type": "application/x-www-form-urlencoded;charset\u003dutf-8",
    "sec-ch-ua-mobile": "?1",
    "accept": "*/*",
    "origin": "https://cms.kolping-hochschule.de",
    "sec-fetch-site": "cross-site",
    "sec-fetch-mode": "cors",
    "sec-fetch-dest": "empty",
    "referer": "https://cms.kolping-hochschule.de/",
    "accept-encoding": "gzip, deflate, br, zstd",
    "accept-language": "de-DE,de;q\u003d0.9,en-US;q\u003d0.8,en;q\u003d0.7,nl;q\u003d0.6",
    "priority": "u\u003d1, i"
  },
  "method": "POST",
  "protocol": "h2",
  "remoteIp": "40.126.31.71",
  "remotePort": 443,
  "sessionId": "4ac5adc8-0db4-4c93-a560-c6a81efc214b",
  "time": "2026-01-19 11:07:33",
  "url": "https://login.microsoftonline.com/a601f43b-4ce8-4552-b513-a55bf18e308a/oauth2/v2.0/token"
}