{
  "app": "com.android.chrome",
  "code": 200,
  "duration": "360ms",
  "headers": {
    "cache-control": "no-store, no-cache",
    "pragma": "no-cache",
    "content-type": "application/json; charset\u003dutf-8",
    "expires": "-1",
    "strict-transport-security": "max-age\u003d31536000; includeSubDomains",
    "x-content-type-options": "nosniff",
    "access-control-allow-origin": "*",
    "access-control-expose-headers": "Content-Length,Content-Encoding,x-ms-request-id,x-ms-srs",
    "access-control-allow-methods": "POST, OPTIONS",
    "p3p": "CP\u003d\"DSP CUR OTPi IND OTRi ONL FIN\"",
    "x-ms-request-id": "31f1f872-190b-46bb-9b61-b7ead63c0300",
    "x-ms-ests-server": "2.1.23173.3 - WEULR1 ProdSlices",
    "report-to": "{\"group\":\"network-errors\",\"max_age\":86400,\"endpoints\":[{\"url\":\"https://identity.nel.measure.office.net/api/report?catId\u003dGW+estsfd+dub2\"}]}",
    "nel": "{\"report_to\":\"network-errors\",\"max_age\":86400,\"success_fraction\":0.001,\"failure_fraction\":1.0}",
    "x-ms-clitelem": "1,0,0,,",
    "x-ms-srs": "1.P",
    "referrer-policy": "strict-origin-when-cross-origin",
    "content-security-policy-report-only": "object-src \u0027none\u0027; base-uri \u0027self\u0027; script-src \u0027self\u0027 \u0027nonce-1G1W4CvoLUNrqdOkoYpJWA\u0027 \u0027unsafe-inline\u0027 \u0027unsafe-eval\u0027 https://*.msauth.net https://*.msftauth.net https://*.msftauthimages.net https://*.msauthimages.net https://*.msidentity.com https://*.microsoftonline-p.com https://*.microsoftazuread-sso.com https://*.azureedge.net https://*.outlook.com https://*.office.com https://*.office365.com https://*.microsoft.com https://*.bing.com \u0027report-sample\u0027; report-uri https://csp.microsoft.com/report/ESTS-UX-All",
    "x-xss-protection": "0",
    "set-cookie": "stsservicecookie\u003destsfd; path\u003d/; secure; samesite\u003dnone; httponly",
    "date": "Mon, 19 Jan 2026 10:07:33 GMT",
    "content-length": "5324"
  },
  "message": null,
  "protocol": "h2",
  "remoteIp": "40.126.31.71",
  "remotePort": 443,
  "sessionId": "4ac5adc8-0db4-4c93-a560-c6a81efc214b",
  "time": "2026-01-19 11:07:33"
}