{
  "app": "com.android.chrome",
  "duration": "47ms",
  "headers": {
    "Host": "cms.kolping-hochschule.de",
    "Connection": "keep-alive",
    "sec-ch-ua-platform": "\"Android\"",
    "User-Agent": "Mozilla/5.0 (Linux; Android 10; K) AppleWebKit/537.36 (KHTML, like Gecko) Chrome/144.0.0.0 Mobile Safari/537.36",
    "sec-ch-ua": "\"Not(A:Brand\";v\u003d\"8\", \"Chromium\";v\u003d\"144\", \"Google Chrome\";v\u003d\"144\"",
    "sec-ch-ua-mobile": "?1",
    "Accept": "*/*",
    "Sec-Fetch-Site": "same-origin",
    "Sec-Fetch-Mode": "cors",
    "Sec-Fetch-Dest": "manifest",
    "Referer": "https://cms.kolping-hochschule.de/myStudent",
    "Accept-Encoding": "gzip, deflate, br, zstd",
    "Accept-Language": "de-DE,de;q\u003d0.9,en-US;q\u003d0.8,en;q\u003d0.7,nl;q\u003d0.6"
  },
  "method": "GET",
  "protocol": "HTTP/1.1",
  "remoteIp": "51.116.154.224",
  "remotePort": 443,
  "sessionId": "b5310264-9cf9-4672-a4f6-79d2566911cb",
  "time": "2026-01-19 11:07:33",
  "url": "https://cms.kolping-hochschule.de/manifest.json"
}