{
  "app": "com.android.chrome",
  "code": 200,
  "duration": "315ms",
  "headers": {
    "cache-control": "no-store, no-cache",
    "pragma": "no-cache",
    "content-type": "application/json; charset\u003dutf-8",
    "expires": "-1",
    "strict-transport-security": "max-age\u003d31536000; includeSubDomains",
    "x-content-type-options": "nosniff",
    "access-control-allow-origin": "*",
    "access-control-expose-headers": "Content-Length,Content-Encoding,x-ms-request-id,x-ms-srs",
    "access-control-allow-methods": "POST, OPTIONS",
    "p3p": "CP\u003d\"DSP CUR OTPi IND OTRi ONL FIN\"",
    "x-ms-request-id": "5511b3a6-45ea-44d2-b992-0af05d617900",
    "x-ms-ests-server": "2.1.23173.3 - FRC ProdSlices",
    "report-to": "{\"group\":\"network-errors\",\"max_age\":86400,\"endpoints\":[{\"url\":\"https://identity.nel.measure.office.net/api/report?catId\u003dGW+estsfd+dub2\"}]}",
    "nel": "{\"report_to\":\"network-errors\",\"max_age\":86400,\"success_fraction\":0.001,\"failure_fraction\":1.0}",
    "x-ms-clitelem": "1,0,0,363.5162,",
    "x-ms-srs": "1.P",
    "referrer-policy": "strict-origin-when-cross-origin",
    "content-security-policy-report-only": "object-src \u0027none\u0027; base-uri \u0027self\u0027; script-src \u0027self\u0027 \u0027nonce-F6ReerZQnOff5Rr2PGna8w\u0027 \u0027unsafe-inline\u0027 \u0027unsafe-eval\u0027 https://*.msauth.net https://*.msftauth.net https://*.msftauthimages.net https://*.msauthimages.net https://*.msidentity.com https://*.microsoftonline-p.com https://*.microsoftazuread-sso.com https://*.azureedge.net https://*.outlook.com https://*.office.com https://*.office365.com https://*.microsoft.com https://*.bing.com \u0027report-sample\u0027; report-uri https://csp.microsoft.com/report/ESTS-UX-All",
    "x-xss-protection": "0",
    "set-cookie": "stsservicecookie\u003destsfd; path\u003d/; secure; samesite\u003dnone; httponly",
    "date": "Mon, 19 Jan 2026 10:07:33 GMT",
    "content-length": "4866"
  },
  "message": null,
  "protocol": "h2",
  "remoteIp": "40.126.31.71",
  "remotePort": 443,
  "sessionId": "3cf2c4b2-f75d-445a-a039-2936ee3ad467",
  "time": "2026-01-19 11:07:34"
}