{"data":{"myStudentGradeOverview":{"modules":[{"modulId":1,"semester":1,"modulbezeichnung":"Study Check-in","eCTS":5.00,"pruefungsId":356,"pruefungsform":"Lerntagebuch","grade":null,"points":null,"note":null,"color":"#DC143C","examStatus":"nicht bestanden","eCTSString":"0.00 / 5.00","__typename":"ModuleGrade"},{"modulId":2,"semester":1,"modulbezeichnung":"Grundlagen der Psychologie","eCTS":5.00,"pruefungsId":325,"pruefungsform":"Klausur","grade":1.7,"points":78,"note":1.7,"color":"#7CFC00","examStatus":"bestanden","eCTSString":"5.00 / 5.00","__typename":"ModuleGrade"},{"modulId":3,"semester":1,"modulbezeichnung":"Gruppenarbeit \u0026 Pers\u00F6nlichkeitentwicklung","eCTS":5.00,"pruefungsId":363,"pruefungsform":"Lerntagebuch","grade":null,"points":null,"note":null,"color":"#DC143C","examStatus":"nicht bestanden","eCTSString":"0.00 / 5.00","__typename":"ModuleGrade"},{"modulId":4,"semester":1,"modulbezeichnung":"Theorien \u0026 Geschichte der Kindheitsp\u00E4dagogik","eCTS":5.00,"pruefungsId":317,"pruefungsform":"Pr\u00E4sentation","grade":1.0,"points":100,"note":1.0,"color":"#7CFC00","examStatus":"bestanden","eCTSString":"5.00 / 5.00","__typename":"ModuleGrade"},{"modulId":5,"semester":1,"modulbezeichnung":"Grundlagen der P\u00E4dagogik","eCTS":5.00,"pruefungsId":387,"pruefungsform":"Klausur","grade":1.0,"points":88,"note":1.0,"color":"#7CFC00","examStatus":"bestanden","eCTSString":"5.00 / 5.00","__typename":"ModuleGrade"},{"modulId":6,"semester":1,"modulbezeichnung":"Praxistransfer \u0026 Praxisphase 1","eCTS":3.00,"pruefungsId":null,"pruefungsform":"Anerkennung","grade":null,"points":null,"note":null,"color":"#7CFC00","examStatus":"anerkannt","eCTSString":"3.00 / 3.00","__typename":"ModuleGrade"},{"modulId":16,"semester":2,"modulbezeichnung":"Methoden der Kindheitsp\u00E4dagogik\u00A0\r\n","eCTS":5.00,"pruefungsId":481,"pruefungsform":"Seminararbeit","grade":null,"points":null,"note":null,"color":"#FFD700","examStatus":"abgemeldet","eCTSString":"0.00 / 5.00","__typename":"ModuleGrade"},{"modulId":17,"semester":4,"modulbezeichnung":"Elternarbeit, Beratung \u0026 \u00D6ffentlichkeitsarbeit\u00A0","eCTS":5.00,"pruefungsId":null,"pruefungsform":"Pr\u00E4sentation","grade":null,"points":null,"note":null,"color":null,"examStatus":null,"eCTSString":"0.00 / 5.00","__typename":"ModuleGrade"},{"modulId":19,"semester":4,"modulbezeichnung":"Bildung f\u00FCr nachhaltige Entwicklung\u00A0\r\n","eCTS":5.00,"pruefungsId":null,"pruefungsform":"Pr\u00E4sentation","grade":null,"points":null,"note":null,"color":null,"examStatus":null,"eCTSString":"0.00 / 5.00","__typename":"ModuleGrade"},{"modulId":20,"semester":4,"modulbezeichnung":"Sprache, Medienkompetenz \u0026 Digitalisierung\u00A0\r\n","eCTS":5.00,"pruefungsId":null,"pruefungsform":"Seminararbeit","grade":null,"points":null,"note":null,"color":null,"examStatus":null,"eCTSString":"0.00 / 5.00","__typename":"ModuleGrade"},{"modulId":21,"semester":5,"modulbezeichnung":"Grundschulp\u00E4dagogik\u00A0\r\n","eCTS":5.00,"pruefungsId":null,"pruefungsform":"M\u00FCndliche Pr\u00FCfung","grade":null,"points":null,"note":null,"color":null,"examStatus":null,"eCTSString":"0.00 / 5.00","__typename":"ModuleGrade"},{"modulId":22,"semester":6,"modulbezeichnung":"Innovative Bildungsbereiche der Kindheitsp\u00E4dagogik\r\n","eCTS":5.00,"pruefungsId":null,"pruefungsform":"Pr\u00E4sentation","grade":null,"points":null,"note":null,"color":null,"examStatus":null,"eCTSString":"0.00 / 5.00","__typename":"ModuleGrade"},{"modulId":23,"semester":6,"modulbezeichnung":"Kindheitsforschung\u00A0\r\n","eCTS":5.00,"pruefungsId":null,"pruefungsform":"Expos\u00E9","grade":null,"points":null,"note":null,"color":null,"examStatus":null,"eCTSString":"0.00 / 5.00","__typename":"ModuleGrade"},{"modulId":40,"semester":2,"modulbezeichnung":"\u00C4sthetische Bildung, Identit\u00E4t \u0026 Resilienz\r\n","eCTS":5.00,"pruefungsId":450,"pruefungsform":"E-Portfolio ","grade":null,"points":null,"note":null,"color":"#FFD700","examStatus":"abgemeldet","eCTSString":"0.00 / 5.00","__typename":"ModuleGrade"},{"modulId":42,"semester":3,"modulbezeichnung":"Beratung, Begleitung\u00A0\u0026 Intervention\r\n","eCTS":5.00,"pruefungsId":null,"pruefungsform":"Lerntagebuch","grade":null,"points":null,"note":null,"color":null,"examStatus":null,"eCTSString":"0.00 / 5.00","__typename":"ModuleGrade"},{"modulId":47,"semester":3,"modulbezeichnung":"Embodiment\u00A0\r\n","eCTS":5.00,"pruefungsId":null,"pruefungsform":"Pr\u00E4sentation","grade":null,"points":null,"note":null,"color":null,"examStatus":null,"eCTSString":"0.00 / 5.00","__typename":"ModuleGrade"},{"modulId":49,"semester":5,"modulbezeichnung":"Ethik, Werte \u0026 Haltungen\u00A0\r\n","eCTS":7.00,"pruefungsId":null,"pruefungsform":"Pr\u00E4sentation","grade":null,"points":null,"note":null,"color":null,"examStatus":null,"eCTSString":"0.00 / 7.00","__typename":"ModuleGrade"},{"modulId":52,"semester":4,"modulbezeichnung":"Kinderschutz, Jugendhilfe\u00A0\u0026 Krisenintervention\r\n","eCTS":5.00,"pruefungsId":null,"pruefungsform":"Seminararbeit","grade":null,"points":null,"note":null,"color":null,"examStatus":null,"eCTSString":"0.00 / 5.00","__typename":"ModuleGrade"},{"modulId":54,"semester":6,"modulbezeichnung":"Management \u0026 Leadership\u00A0\u00A0\r\n","eCTS":7.00,"pruefungsId":null,"pruefungsform":"Klausur","grade":null,"points":null,"note":null,"color":null,"examStatus":null,"eCTSString":"0.00 / 7.00","__typename":"ModuleGrade"},{"modulId":55,"semester":2,"modulbezeichnung":"P\u00E4dagogische Psychologie \u0026 Diagnostik\u00A0\r\n","eCTS":5.00,"pruefungsId":452,"pruefungsform":"Klausur","grade":null,"points":null,"note":null,"color":"#FFD700","examStatus":"abgemeldet","eCTSString":"0.00 / 5.00","__typename":"ModuleGrade"},{"modulId":58,"semester":3,"modulbezeichnung":"Qualit\u00E4tsmanagement im Gesundheits- und Sozialsystem","eCTS":5.00,"pruefungsId":419,"pruefungsform":"Klausur","grade":null,"points":null,"note":null,"color":"#00BFFF","examStatus":"angemeldet","eCTSString":"0.00 / 5.00","__typename":"ModuleGrade"},{"modulId":59,"semester":4,"modulbezeichnung":"Social Challenge\u00A0\u00A0\r\n","eCTS":3.00,"pruefungsId":null,"pruefungsform":"Lerntagebuch","grade":null,"points":null,"note":null,"color":null,"examStatus":null,"eCTSString":"0.00 / 3.00","__typename":"ModuleGrade"},{"modulId":61,"semester":5,"modulbezeichnung":"Sozialrecht: Kindheit \u0026 Jugend\u00A0\r\n","eCTS":5.00,"pruefungsId":null,"pruefungsform":"Klausur","grade":null,"points":null,"note":null,"color":null,"examStatus":null,"eCTSString":"0.00 / 5.00","__typename":"ModuleGrade"},{"modulId":62,"semester":2,"modulbezeichnung":"Soziologie","eCTS":5.00,"pruefungsId":408,"pruefungsform":"Pr\u00E4sentation","grade":1.0,"points":0,"note":1.0,"color":"#DC143C","examStatus":"nicht bestanden","eCTSString":"0.00 / 5.00","__typename":"ModuleGrade"},{"modulId":81,"semester":7,"modulbezeichnung":"Bachelor Thesis \u0026 Kolloquium","eCTS":13.00,"pruefungsId":null,"pruefungsform":"Bachelorthesis \u0026 Kolloquium","grade":null,"points":null,"note":null,"color":null,"examStatus":null,"eCTSString":"0.00 / 13.00","__typename":"ModuleGrade"},{"modulId":82,"semester":5,"modulbezeichnung":"Kindheitsp\u00E4dagogik als Profession","eCTS":5.00,"pruefungsId":null,"pruefungsform":"Seminararbeit","grade":null,"points":null,"note":null,"color":null,"examStatus":null,"eCTSString":"0.00 / 5.00","__typename":"ModuleGrade"},{"modulId":84,"semester":3,"modulbezeichnung":"Gestaltung inklusiver Erziehungs- und Bildungsprozesse im Kontext von Diversit\u00E4t","eCTS":5.00,"pruefungsId":null,"pruefungsform":"Anerkennung","grade":null,"points":null,"note":null,"color":"#7CFC00","examStatus":"anerkannt","eCTSString":"5.00 / 5.00","__typename":"ModuleGrade"},{"modulId":85,"semester":3,"modulbezeichnung":"Gestaltung von Erziehungs- und Bildungsprozessen in der Kindheitsp\u00E4dagogik","eCTS":5.00,"pruefungsId":null,"pruefungsform":"E-Portfolio ","grade":null,"points":null,"note":null,"color":null,"examStatus":null,"eCTSString":"0.00 / 5.00","__typename":"ModuleGrade"},{"modulId":87,"semester":6,"modulbezeichnung":"Bewegung \u0026 Gesundheit in der Kindheitsp\u00E4dagogik","eCTS":5.00,"pruefungsId":null,"pruefungsform":"Pr\u00E4sentation","grade":null,"points":null,"note":null,"color":null,"examStatus":null,"eCTSString":"0.00 / 5.00","__typename":"ModuleGrade"},{"modulId":88,"semester":2,"modulbezeichnung":"Aufbau des Bildungs- \u0026 Sozialsystems \u0026 Institutionen der Kindheitsp\u00E4dagogik","eCTS":5.00,"pruefungsId":440,"pruefungsform":"Klausur","grade":1.0,"points":58,"note":1.0,"color":"#7CFC00","examStatus":"bestanden","eCTSString":"5.00 / 5.00","__typename":"ModuleGrade"},{"modulId":89,"semester":2,"modulbezeichnung":"Praxistransfer \u0026 Praxisphase 2","eCTS":3.00,"pruefungsId":null,"pruefungsform":"Anerkennung","grade":null,"points":null,"note":null,"color":"#7CFC00","examStatus":"anerkannt","eCTSString":"3.00 / 3.00","__typename":"ModuleGrade"},{"modulId":90,"semester":3,"modulbezeichnung":"Praxistransfer \u0026 Praxisphase 3","eCTS":3.00,"pruefungsId":null,"pruefungsform":"Anerkennung","grade":null,"points":null,"note":null,"color":"#7CFC00","examStatus":"anerkannt","eCTSString":"3.00 / 3.00","__typename":"ModuleGrade"},{"modulId":91,"semester":4,"modulbezeichnung":"Praxistransfer \u0026 Praxisphase 4","eCTS":3.00,"pruefungsId":null,"pruefungsform":"Anerkennung","grade":null,"points":null,"note":null,"color":"#7CFC00","examStatus":"anerkannt","eCTSString":"3.00 / 3.00","__typename":"ModuleGrade"},{"modulId":92,"semester":5,"modulbezeichnung":"Praxistransfer \u0026 Praxisphase 5","eCTS":3.00,"pruefungsId":null,"pruefungsform":"Anerkennung","grade":null,"points":null,"note":null,"color":"#7CFC00","examStatus":"anerkannt","eCTSString":"3.00 / 3.00","__typename":"ModuleGrade"},{"modulId":93,"semester":6,"modulbezeichnung":"Praxistransfer \u0026 Praxisphase 6","eCTS":3.00,"pruefungsId":null,"pruefungsform":"Lerntagebuch","grade":null,"points":null,"note":null,"color":null,"examStatus":null,"eCTSString":"0.00 / 3.00","__typename":"ModuleGrade"},{"modulId":94,"semester":7,"modulbezeichnung":"Praxistransfer \u0026 Praxisphase 7","eCTS":7.00,"pruefungsId":null,"pruefungsform":"Praxistransferbericht","grade":null,"points":null,"note":null,"color":null,"examStatus":null,"eCTSString":"0.00 / 7.00","__typename":"ModuleGrade"}],"grade":1.3,"eCTS":40.00,"student":{"id":10328,"geschlechtTnid":1,"titel":null,"akademischerGradTnid":null,"vorname":"Christoph","nachname":"Fischer","geburtsdatum":"1986-04-24T00:00:00.000Z","geburtsort":"Hameln","geburtslandTnid":1,"staatsangehoerigkeitTnid":1,"createdAt":"2024-09-30T08:26:23.143Z","wohnlandTnid":1,"telefonnummer":"015906025984","emailPrivat":"kindertagespflege.fischer@gmail.com","strasse":"Auf der Grie\u00DFe","hausnummer":"50","plz":"51371","wohnort":"Leverkusen","benutzername":"christoph.fischer","emailKh":"Christoph.fischer@kolping-student.de","notizen":null,"bemerkung":null,"__typename":"Student"},"currentSemester":"WiSe 2025-2026","__typename":"StudentGradeOverview"}}}